INSERT INTO CREDENTIALS (ID, USERNAME, PASSWORD) VALUES (1, 'sob', 'sob')

INSERT INTO CONSOLE (ID, NAME) VALUES (1, 'PlayStation 5')
INSERT INTO CONSOLE (ID, NAME) VALUES (2, 'Xbox Series X')
INSERT INTO CONSOLE (ID, NAME) VALUES (3, 'Nintendo Switch')
INSERT INTO CONSOLE (ID, NAME) VALUES (4, 'PC Gaming Master Race')

INSERT INTO GAMETYPE (ID, NAME) VALUES (1, 'Adventure')
INSERT INTO GAMETYPE (ID, NAME) VALUES (2, 'FPS')
INSERT INTO GAMETYPE (ID, NAME) VALUES (3, 'RPG')
INSERT INTO GAMETYPE (ID, NAME) VALUES (4, 'Sports')

INSERT INTO CUSTOMER (ID, USERNAME, EMAIL, PASSWORD) VALUES (5, 'German', 'sob@sob.com', '$2a$10$fMLcajjLe1d4zEJwvm8cUed3OYcK.TKXVyaox3eMkPTsaSameZrdK')

INSERT INTO GAME (ID, NAME, IMAGE, STOCK, DESCRIPTION, PRICE, CITY, STATE, STREET, ZIP_CODE, CONSOLE_ID) VALUES (2, 'Super Mario Odyssey', 2, 20, 'Embark on a captivating adventure with Mario and his new friend, Cappy, as they travel through various kingdoms to rescue Princess Peach from Bowsers clutches. Use Cappys unique abilities to possess objects and enemies, solving puzzles and collecting Power Moons along the way.', 14.0, 'Cityville', 'Stateville', '123 Main St', '12345', 3)
INSERT INTO GAME (ID, NAME, IMAGE, STOCK, DESCRIPTION, PRICE, CITY, STATE, STREET, ZIP_CODE, CONSOLE_ID) VALUES (3, 'Call of Duty: Modern Warfare' , 3, 15, 'Immerse yourself in the intense and realistic warfare experience of Modern Warfare. Engage in high-stakes covert operations, thrilling firefights, and make split-second decisions that can impact the outcome of the global crisis. Modern Warfare redefines the Call of Duty franchise with its gripping narrative and cutting-edge gameplay.', 10.0, 'Cityville', 'Stateville', '123 Main St', '12345', 1)
INSERT INTO GAME (ID, NAME, IMAGE, STOCK, DESCRIPTION, PRICE, CITY, STATE, STREET, ZIP_CODE, CONSOLE_ID) VALUES (4, 'Call of Duty: Modern Warfare' , 3, 15, 'Immerse yourself in the intense and realistic warfare experience of Modern Warfare. Engage in high-stakes covert operations, thrilling firefights, and make split-second decisions that can impact the outcome of the global crisis. Modern Warfare redefines the Call of Duty franchise with its gripping narrative and cutting-edge gameplay.', 10.0, 'Cityville', 'Stateville', '123 Main St', '12345', 2)
INSERT INTO GAME (ID, NAME, IMAGE, STOCK, DESCRIPTION, PRICE, CITY, STATE, STREET, ZIP_CODE, CONSOLE_ID) VALUES (5, 'Call of Duty: Modern Warfare' , 3, 15, 'Immerse yourself in the intense and realistic warfare experience of Modern Warfare. Engage in high-stakes covert operations, thrilling firefights, and make split-second decisions that can impact the outcome of the global crisis. Modern Warfare redefines the Call of Duty franchise with its gripping narrative and cutting-edge gameplay.', 10.0, 'Cityville', 'Stateville', '123 Main St', '12345', 3)
INSERT INTO GAME (ID, NAME, IMAGE, STOCK, DESCRIPTION, PRICE, CITY, STATE, STREET, ZIP_CODE, CONSOLE_ID) VALUES (6, 'The Witcher 3: Wild Hunt', 6, 10, 'Enter a vast open world as Geralt of Rivia, a monster hunter for hire, on a quest to find his adopted daughter. Encounter a rich and morally ambiguous universe where your decisions shape the narrative and influence the fates of the characters you meet. Battle mythical creatures, uncover mysteries, and navigate the political intrigues of the Northern Realms.', 13.0, 'Townsville', 'Provinceville', '456 Oak St', '67890', 1)
INSERT INTO GAME (ID, NAME, IMAGE, STOCK, DESCRIPTION, PRICE, CITY, STATE, STREET, ZIP_CODE, CONSOLE_ID) VALUES (7, 'The Witcher 3: Wild Hunt', 6, 10, 'Enter a vast open world as Geralt of Rivia, a monster hunter for hire, on a quest to find his adopted daughter. Encounter a rich and morally ambiguous universe where your decisions shape the narrative and influence the fates of the characters you meet. Battle mythical creatures, uncover mysteries, and navigate the political intrigues of the Northern Realms.', 13.0, 'Townsville', 'Provinceville', '456 Oak St', '67890', 2)
INSERT INTO GAME (ID, NAME, IMAGE, STOCK, DESCRIPTION, PRICE, CITY, STATE, STREET, ZIP_CODE, CONSOLE_ID) VALUES (8, 'The Witcher 3: Wild Hunt', 6, 10, 'Enter a vast open world as Geralt of Rivia, a monster hunter for hire, on a quest to find his adopted daughter. Encounter a rich and morally ambiguous universe where your decisions shape the narrative and influence the fates of the characters you meet. Battle mythical creatures, uncover mysteries, and navigate the political intrigues of the Northern Realms.', 13.0, 'Townsville', 'Provinceville', '456 Oak St', '67890', 4)
INSERT INTO GAME (ID, NAME, IMAGE, STOCK, DESCRIPTION, PRICE, CITY, STATE, STREET, ZIP_CODE, CONSOLE_ID) VALUES (9, 'FIFA 25', 9, 30, 'Experience the excitement of the worlds most popular sport with FIFA 25. Immerse yourself in realistic football gameplay, featuring stunning graphics, precise controls, and a vast array of teams and players. Whether you are playing solo or competing with friends, FIFA 25 delivers the thrill of the beautiful game.' , 12.0, 'Townsville', 'Provinceville', '456 Oak St', '67890', 1)
INSERT INTO GAME (ID, NAME, IMAGE, STOCK, DESCRIPTION, PRICE, CITY, STATE, STREET, ZIP_CODE, CONSOLE_ID) VALUES (10, 'FIFA 25', 9, 30, 'Experience the excitement of the worlds most popular sport with FIFA 25. Immerse yourself in realistic football gameplay, featuring stunning graphics, precise controls, and a vast array of teams and players. Whether you are playing solo or competing with friends, FIFA 25 delivers the thrill of the beautiful game.' , 12.0, 'Townsville', 'Provinceville', '456 Oak St', '67890', 2)
INSERT INTO GAME (ID, NAME, IMAGE, STOCK, DESCRIPTION, PRICE, CITY, STATE, STREET, ZIP_CODE, CONSOLE_ID) VALUES (11, 'FIFA 25', 9, 30, 'Experience the excitement of the worlds most popular sport with FIFA 25. Immerse yourself in realistic football gameplay, featuring stunning graphics, precise controls, and a vast array of teams and players. Whether you are playing solo or competing with friends, FIFA 25 delivers the thrill of the beautiful game.' , 12.0, 'Townsville', 'Provinceville', '456 Oak St', '67890', 3)
INSERT INTO GAME (ID, NAME, IMAGE, STOCK, DESCRIPTION, PRICE, CITY, STATE, STREET, ZIP_CODE, CONSOLE_ID) VALUES (12, 'FIFA 25', 9, 30, 'Experience the excitement of the worlds most popular sport with FIFA 25. Immerse yourself in realistic football gameplay, featuring stunning graphics, precise controls, and a vast array of teams and players. Whether you are playing solo or competing with friends, FIFA 25 delivers the thrill of the beautiful game.' , 12.0, 'Townsville', 'Provinceville', '456 Oak St', '67890', 4)
INSERT INTO GAME (ID, NAME, IMAGE, STOCK, DESCRIPTION, PRICE, CITY, STATE, STREET, ZIP_CODE, CONSOLE_ID) VALUES (13, 'Assassin''s Creed Valhalla', 13, 30, 'Experience the Viking Age as Eivor, a fearless warrior and leader of a Viking clan. Set in the breathtaking landscapes of Norway and England, Assassins Creed Valhalla combines brutal combat, epic raids, and political intrigue. As you forge alliances and build your settlement, confront rival kingdoms, and shape the destiny of your people. With stunning visuals, a gripping narrative, and the freedom to explore a vast open world, Valhalla delivers a captivating adventure in the Assassins Creed series.', 15.0, 'Cityville', 'Stateville', '456 Oak St', '12345', 1)
INSERT INTO GAME (ID, NAME, IMAGE, STOCK, DESCRIPTION, PRICE, CITY, STATE, STREET, ZIP_CODE, CONSOLE_ID) VALUES (14, 'Assassin''s Creed Valhalla', 13, 30, 'Experience the Viking Age as Eivor, a fearless warrior and leader of a Viking clan. Set in the breathtaking landscapes of Norway and England, Assassins Creed Valhalla combines brutal combat, epic raids, and political intrigue. As you forge alliances and build your settlement, confront rival kingdoms, and shape the destiny of your people. With stunning visuals, a gripping narrative, and the freedom to explore a vast open world, Valhalla delivers a captivating adventure in the Assassins Creed series.', 15.0, 'Cityville', 'Stateville', '456 Oak St', '12345', 2)
INSERT INTO GAME (ID, NAME, IMAGE, STOCK, DESCRIPTION, PRICE, CITY, STATE, STREET, ZIP_CODE, CONSOLE_ID) VALUES (15, 'Assassin''s Creed Valhalla', 13, 30, 'Experience the Viking Age as Eivor, a fearless warrior and leader of a Viking clan. Set in the breathtaking landscapes of Norway and England, Assassins Creed Valhalla combines brutal combat, epic raids, and political intrigue. As you forge alliances and build your settlement, confront rival kingdoms, and shape the destiny of your people. With stunning visuals, a gripping narrative, and the freedom to explore a vast open world, Valhalla delivers a captivating adventure in the Assassins Creed series.', 15.0, 'Cityville', 'Stateville', '456 Oak St', '12345', 3)
INSERT INTO GAME (ID, NAME, IMAGE, STOCK, DESCRIPTION, PRICE, CITY, STATE, STREET, ZIP_CODE, CONSOLE_ID) VALUES (16, 'Cyberpunk 2077', 16, 25, 'Step into a dystopian future in Cyberpunk 2077, where you play as V, a mercenary outlaw seeking an implant that grants immortality. Explore the sprawling Night City, make choices that shape the story, and navigate a world obsessed with power, glamour, and body modification. Uncover the dark secrets that lie beneath the citys flashy exterior.', 20.0, 'Townsville', 'Provinceville', '789 Pine St', '67890', 1)
INSERT INTO GAME (ID, NAME, IMAGE, STOCK, DESCRIPTION, PRICE, CITY, STATE, STREET, ZIP_CODE, CONSOLE_ID) VALUES (17, 'Cyberpunk 2077', 16, 25, 'Step into a dystopian future in Cyberpunk 2077, where you play as V, a mercenary outlaw seeking an implant that grants immortality. Explore the sprawling Night City, make choices that shape the story, and navigate a world obsessed with power, glamour, and body modification. Uncover the dark secrets that lie beneath the citys flashy exterior.', 20.0, 'Townsville', 'Provinceville', '789 Pine St', '67890', 2)
INSERT INTO GAME (ID, NAME, IMAGE, STOCK, DESCRIPTION, PRICE, CITY, STATE, STREET, ZIP_CODE, CONSOLE_ID) VALUES (18, 'Cyberpunk 2077', 16, 25, 'Step into a dystopian future in Cyberpunk 2077, where you play as V, a mercenary outlaw seeking an implant that grants immortality. Explore the sprawling Night City, make choices that shape the story, and navigate a world obsessed with power, glamour, and body modification. Uncover the dark secrets that lie beneath the citys flashy exterior.', 20.0, 'Townsville', 'Provinceville', '789 Pine St', '67890', 4)
INSERT INTO GAME (ID, NAME, IMAGE, STOCK, DESCRIPTION, PRICE, CITY, STATE, STREET, ZIP_CODE, CONSOLE_ID) VALUES (19, 'The Last of Us Part II', 19, 15, 'Join Ellie on a harrowing journey in a post-apocalyptic world where survival comes at a cost. Faced with new threats and challenges, Ellie must navigate through the remnants of society, confronting both the infected and hostile human factions. The Last of Us Part II explores themes of revenge, morality, and the enduring bonds of humanity.', 25.0, 'Cityville', 'Stateville', '101 Elm St', '13579', 1)
INSERT INTO GAME (ID, NAME, IMAGE, STOCK, DESCRIPTION, PRICE, CITY, STATE, STREET, ZIP_CODE, CONSOLE_ID) VALUES (20, 'The Last of Us Part II', 19, 15, 'Join Ellie on a harrowing journey in a post-apocalyptic world where survival comes at a cost. Faced with new threats and challenges, Ellie must navigate through the remnants of society, confronting both the infected and hostile human factions. The Last of Us Part II explores themes of revenge, morality, and the enduring bonds of humanity.', 25.0, 'Cityville', 'Stateville', '101 Elm St', '13579', 2)
INSERT INTO GAME (ID, NAME, IMAGE, STOCK, DESCRIPTION, PRICE, CITY, STATE, STREET, ZIP_CODE, CONSOLE_ID) VALUES (21, 'Minecraft', 21, 50, 'Dive into the creative and limitless world of Minecraft, where you can build, explore, and survive in blocky landscapes. Gather resources, craft tools, and construct your own unique creations. Whether you choose to embark on solo adventures or collaborate with friends, Minecraft offers endless possibilities for imaginative gameplay.', 15.0, 'Townsville', 'Provinceville', '345 Cedar St', '24680', 1)
INSERT INTO GAME (ID, NAME, IMAGE, STOCK, DESCRIPTION, PRICE, CITY, STATE, STREET, ZIP_CODE, CONSOLE_ID) VALUES (22, 'Minecraft', 21, 50, 'Dive into the creative and limitless world of Minecraft, where you can build, explore, and survive in blocky landscapes. Gather resources, craft tools, and construct your own unique creations. Whether you choose to embark on solo adventures or collaborate with friends, Minecraft offers endless possibilities for imaginative gameplay.', 15.0, 'Townsville', 'Provinceville', '345 Cedar St', '24680', 2)
INSERT INTO GAME (ID, NAME, IMAGE, STOCK, DESCRIPTION, PRICE, CITY, STATE, STREET, ZIP_CODE, CONSOLE_ID) VALUES (23, 'Minecraft', 21, 50, 'Dive into the creative and limitless world of Minecraft, where you can build, explore, and survive in blocky landscapes. Gather resources, craft tools, and construct your own unique creations. Whether you choose to embark on solo adventures or collaborate with friends, Minecraft offers endless possibilities for imaginative gameplay.', 15.0, 'Townsville', 'Provinceville', '345 Cedar St', '24680', 3)
INSERT INTO GAME (ID, NAME, IMAGE, STOCK, DESCRIPTION, PRICE, CITY, STATE, STREET, ZIP_CODE, CONSOLE_ID) VALUES (24, 'Minecraft', 21, 50, 'Dive into the creative and limitless world of Minecraft, where you can build, explore, and survive in blocky landscapes. Gather resources, craft tools, and construct your own unique creations. Whether you choose to embark on solo adventures or collaborate with friends, Minecraft offers endless possibilities for imaginative gameplay.', 15.0, 'Townsville', 'Provinceville', '345 Cedar St', '24680', 4)
INSERT INTO GAME (ID, NAME, IMAGE, STOCK, DESCRIPTION, PRICE, CITY, STATE, STREET, ZIP_CODE, CONSOLE_ID) VALUES (25, 'Red Dead Redemption 2', 25, 20, 'Immerse yourself in the vast and detailed landscapes of the American Wild West in Red Dead Redemption 2. Play as Arthur Morgan, a member of the Van der Linde gang, and experience a gripping tale of loyalty, betrayal, and survival. Engage in gunfights, undertake missions, and make impactful choices that shape Arthurs destiny.', 30.0, 'Cityville', 'Stateville', '567 Birch St', '98765', 1)
INSERT INTO GAME (ID, NAME, IMAGE, STOCK, DESCRIPTION, PRICE, CITY, STATE, STREET, ZIP_CODE, CONSOLE_ID) VALUES (26, 'Red Dead Redemption 2', 25, 20, 'Immerse yourself in the vast and detailed landscapes of the American Wild West in Red Dead Redemption 2. Play as Arthur Morgan, a member of the Van der Linde gang, and experience a gripping tale of loyalty, betrayal, and survival. Engage in gunfights, undertake missions, and make impactful choices that shape Arthurs destiny.', 30.0, 'Cityville', 'Stateville', '567 Birch St', '98765', 2)
INSERT INTO GAME (ID, NAME, IMAGE, STOCK, DESCRIPTION, PRICE, CITY, STATE, STREET, ZIP_CODE, CONSOLE_ID) VALUES (27, 'Red Dead Redemption 2', 25, 20, 'Immerse yourself in the vast and detailed landscapes of the American Wild West in Red Dead Redemption 2. Play as Arthur Morgan, a member of the Van der Linde gang, and experience a gripping tale of loyalty, betrayal, and survival. Engage in gunfights, undertake missions, and make impactful choices that shape Arthurs destiny.', 30.0, 'Cityville', 'Stateville', '567 Birch St', '98765', 4)
INSERT INTO GAME (ID, NAME, IMAGE, STOCK, DESCRIPTION, PRICE, CITY, STATE, STREET, ZIP_CODE, CONSOLE_ID) VALUES (28, 'Estructura de Sistemas operativos', 28, 1, 'El mejor juego del mundo, lo compras una vez al año durante 8 años, y finalmente te dan un papel diciendo felicidades y una palmada en la espalda.', 666.66, 'Urv', 'campus', 'sescelades', '43007', 3)

INSERT INTO GAME_GAMETYPE(GAMES_ID, TYPES_ID) VALUES (2,1)

INSERT INTO GAME_GAMETYPE(GAMES_ID, TYPES_ID) VALUES (3,1)
INSERT INTO GAME_GAMETYPE(GAMES_ID, TYPES_ID) VALUES (4,1)
INSERT INTO GAME_GAMETYPE(GAMES_ID, TYPES_ID) VALUES (5,1)
INSERT INTO GAME_GAMETYPE(GAMES_ID, TYPES_ID) VALUES (3,2)
INSERT INTO GAME_GAMETYPE(GAMES_ID, TYPES_ID) VALUES (4,2)
INSERT INTO GAME_GAMETYPE(GAMES_ID, TYPES_ID) VALUES (5,2)

INSERT INTO GAME_GAMETYPE(GAMES_ID, TYPES_ID) VALUES (6,1)
INSERT INTO GAME_GAMETYPE(GAMES_ID, TYPES_ID) VALUES (7,1)
INSERT INTO GAME_GAMETYPE(GAMES_ID, TYPES_ID) VALUES (8,1)
INSERT INTO GAME_GAMETYPE(GAMES_ID, TYPES_ID) VALUES (6,3)
INSERT INTO GAME_GAMETYPE(GAMES_ID, TYPES_ID) VALUES (7,3)
INSERT INTO GAME_GAMETYPE(GAMES_ID, TYPES_ID) VALUES (8,3)

INSERT INTO GAME_GAMETYPE(GAMES_ID, TYPES_ID) VALUES (9,4)
INSERT INTO GAME_GAMETYPE(GAMES_ID, TYPES_ID) VALUES (10,4)
INSERT INTO GAME_GAMETYPE(GAMES_ID, TYPES_ID) VALUES (11,4)
INSERT INTO GAME_GAMETYPE(GAMES_ID, TYPES_ID) VALUES (12,4)

INSERT INTO GAME_GAMETYPE(GAMES_ID, TYPES_ID) VALUES (13,1)
INSERT INTO GAME_GAMETYPE(GAMES_ID, TYPES_ID) VALUES (14,1)
INSERT INTO GAME_GAMETYPE(GAMES_ID, TYPES_ID) VALUES (15,1)

INSERT INTO GAME_GAMETYPE(GAMES_ID, TYPES_ID) VALUES (16,1)
INSERT INTO GAME_GAMETYPE(GAMES_ID, TYPES_ID) VALUES (17,1)
INSERT INTO GAME_GAMETYPE(GAMES_ID, TYPES_ID) VALUES (18,1)
INSERT INTO GAME_GAMETYPE(GAMES_ID, TYPES_ID) VALUES (16,2)
INSERT INTO GAME_GAMETYPE(GAMES_ID, TYPES_ID) VALUES (17,2)
INSERT INTO GAME_GAMETYPE(GAMES_ID, TYPES_ID) VALUES (18,2)
INSERT INTO GAME_GAMETYPE(GAMES_ID, TYPES_ID) VALUES (16,3)
INSERT INTO GAME_GAMETYPE(GAMES_ID, TYPES_ID) VALUES (17,3)
INSERT INTO GAME_GAMETYPE(GAMES_ID, TYPES_ID) VALUES (18,3)

INSERT INTO GAME_GAMETYPE(GAMES_ID, TYPES_ID) VALUES (19,1)
INSERT INTO GAME_GAMETYPE(GAMES_ID, TYPES_ID) VALUES (20,1)
INSERT INTO GAME_GAMETYPE(GAMES_ID, TYPES_ID) VALUES (19,2)
INSERT INTO GAME_GAMETYPE(GAMES_ID, TYPES_ID) VALUES (20,2)

INSERT INTO GAME_GAMETYPE(GAMES_ID, TYPES_ID) VALUES (21,1)
INSERT INTO GAME_GAMETYPE(GAMES_ID, TYPES_ID) VALUES (22,1)
INSERT INTO GAME_GAMETYPE(GAMES_ID, TYPES_ID) VALUES (23,1)
INSERT INTO GAME_GAMETYPE(GAMES_ID, TYPES_ID) VALUES (24,1)
INSERT INTO GAME_GAMETYPE(GAMES_ID, TYPES_ID) VALUES (21,3)
INSERT INTO GAME_GAMETYPE(GAMES_ID, TYPES_ID) VALUES (22,3)
INSERT INTO GAME_GAMETYPE(GAMES_ID, TYPES_ID) VALUES (23,3)
INSERT INTO GAME_GAMETYPE(GAMES_ID, TYPES_ID) VALUES (24,3)

INSERT INTO GAME_GAMETYPE(GAMES_ID, TYPES_ID) VALUES (25,1)
INSERT INTO GAME_GAMETYPE(GAMES_ID, TYPES_ID) VALUES (26,1)
INSERT INTO GAME_GAMETYPE(GAMES_ID, TYPES_ID) VALUES (27,1)
INSERT INTO GAME_GAMETYPE(GAMES_ID, TYPES_ID) VALUES (25,2)
INSERT INTO GAME_GAMETYPE(GAMES_ID, TYPES_ID) VALUES (26,2)
INSERT INTO GAME_GAMETYPE(GAMES_ID, TYPES_ID) VALUES (27,2)
INSERT INTO GAME_GAMETYPE(GAMES_ID, TYPES_ID) VALUES (25,3)
INSERT INTO GAME_GAMETYPE(GAMES_ID, TYPES_ID) VALUES (26,3)
INSERT INTO GAME_GAMETYPE(GAMES_ID, TYPES_ID) VALUES (27,3)

INSERT INTO GAME_GAMETYPE(GAMES_ID, TYPES_ID) VALUES (28,1)
INSERT INTO GAME_GAMETYPE(GAMES_ID, TYPES_ID) VALUES (28,2)
INSERT INTO GAME_GAMETYPE(GAMES_ID, TYPES_ID) VALUES (28,3)
INSERT INTO GAME_GAMETYPE(GAMES_ID, TYPES_ID) VALUES (28,4)